{
  "CPU": [
    {
      "Id": "CPU0",
      "UsagePercent": 75,
      "TemperatureCelsius": 65
    },
    {
      "Id": "CPU1",
      "UsagePercent": 80,
      "TemperatureCelsius": 68
    }
  ],
  "Memory": {
    "TotalGB": 64,
    "UsedGB": 50.0,
    "FreeGB": 14.0,
    "UsagePercent": 78
  },
  "Storage": [
    {
      "Name": "C:\\",
      "TotalGB": 1000,
      "UsedGB": 800,
      "FreeGB": 200,
      "UsagePercent": 80
    },
    {
      "Name": "D:\\",
      "TotalGB": 2000,
      "UsedGB": 1000,
      "FreeGB": 1000,
      "UsagePercent": 50
    }
  ],
  "Network": [
    {
      "Interface": "eth0",
      "BytesSentMB": 23456,
      "BytesReceivedMB": 34567,
      "CurrentSpeedMbps": 1000
    }
  ],
  "Power": {
    "VoltageV": 12.2,
    "CurrentA": 6.0,
    "PowerW": 73.2
  },
  "Uptime": "1 days 05:45:20"
}